{"stats":{"minecraft:killed":{"minecraft:sheep":1,"minecraft:zombie":6,"minecraft:spider":3,"lcrdrfs:laser_creeper":1,"duneons:mountaineer":3},"minecraft:picked_up":{"minecraft:stick":2,"duneons:sanctumstone":2,"duneons:goldblockchiseledslab":1,"lcrdrfs:creeper_plasma":1,"minecraft:gunpowder":1,"minecraft:spruce_log":7,"minecraft:redstone":1,"minecraft:spider_eye":2,"minecraft:dirt":21,"minecraft:string":2,"lightmanscurrency:coin_copper":28,"minecraft:rotten_flesh":7,"duneons:outpoststairs":1,"minecraft:emerald":1,"duneons:keygold":2,"lightmanscurrency:coin_iron":11,"minecraft:mutton":1,"minecraft:white_wool":1,"duneons:sanctumstonecutgilded":1,"minecraft:cobblestone":6,"minecraft:egg":1},"minecraft:killed_by":{"lcrdrfs:laser_creeper":1},"minecraft:mined":{"minecraft:fire":11,"minecraft:spruce_log":7,"minecraft:grass":1,"minecraft:grass_block":1,"minecraft:oak_log":2,"minecraft:dirt":20,"minecraft:stone":6},"minecraft:crafted":{"minecraft:crafting_table":1,"minecraft:spruce_planks":12,"minecraft:stick":4,"minecraft:wooden_pickaxe":1,"minecraft:stone_pickaxe":1,"minecraft:stone_axe":1},"minecraft:dropped":{"duneons:keygold":2},"minecraft:used":{"duneons:goatgear_chestplate":1,"minecraft:apple":1,"minecraft:bread":4,"minecraft:stone_pickaxe":3,"duneons:windhole":1,"duneons:sanctumstonecutgilded":1,"minecraft:wooden_pickaxe":3,"duneons:goatgear_helmet":1,"minecraft:stone_axe":31,"minecraft:dirt":8,"minecraft:crafting_table":1,"duneons:sanctumstone":2,"duneons:highlandberries":5},"minecraft:custom":{"minecraft:time_since_rest":149,"lootr:looted_stat":1,"minecraft:sprint_one_cm":82493,"minecraft:damage_taken":586,"minecraft:walk_one_cm":65146,"minecraft:mob_kills":15,"minecraft:drop":2,"minecraft:damage_dealt":2652,"minecraft:swim_one_cm":347,"minecraft:interact_with_crafting_table":4,"minecraft:fly_one_cm":86034,"minecraft:open_chest":6,"minecraft:crouch_one_cm":4398,"minecraft:play_time":35150,"minecraft:deaths":1,"minecraft:sneak_time":2735,"minecraft:walk_under_water_one_cm":2389,"minecraft:jump":457,"minecraft:leave_game":1,"minecraft:time_since_death":126,"minecraft:total_world_time":35150,"minecraft:fall_one_cm":18524}},"DataVersion":3465}