{"stats":{"minecraft:mined":{"minecraft:fire":11,"minecraft:oak_log":2},"minecraft:used":{"minecraft:bread":4},"minecraft:custom":{"minecraft:jump":246,"minecraft:time_since_rest":18357,"minecraft:damage_dealt":27,"minecraft:crouch_one_cm":2809,"lootr:looted_stat":1,"minecraft:sprint_one_cm":49088,"minecraft:play_time":18357,"minecraft:damage_taken":230,"minecraft:time_since_death":18357,"minecraft:walk_one_cm":28274,"minecraft:sneak_time":1556,"minecraft:total_world_time":18357,"minecraft:mob_kills":1,"minecraft:fall_one_cm":1850,"minecraft:fly_one_cm":60277}},"DataVersion":3465}