{"stats":{"minecraft:killed":{"minecraft:zombie":6,"minecraft:spider":1,"duneons:mountaineer":3},"minecraft:picked_up":{"minecraft:stick":2,"duneons:sanctumstone":2,"duneons:goldblockchiseledslab":1,"minecraft:spruce_log":7,"minecraft:dirt":21,"minecraft:string":1,"lightmanscurrency:coin_copper":12,"minecraft:rotten_flesh":7,"duneons:outpoststairs":1,"minecraft:emerald":1,"duneons:keygold":2,"lightmanscurrency:coin_iron":11,"duneons:sanctumstonecutgilded":1,"minecraft:cobblestone":6,"minecraft:egg":1},"minecraft:mined":{"minecraft:fire":11,"minecraft:spruce_log":7,"minecraft:grass_block":1,"minecraft:oak_log":2,"minecraft:dirt":20,"minecraft:stone":6},"minecraft:crafted":{"minecraft:crafting_table":1,"minecraft:spruce_planks":12,"minecraft:stick":4,"minecraft:wooden_pickaxe":1,"minecraft:stone_pickaxe":1,"minecraft:stone_axe":1},"minecraft:dropped":{"duneons:keygold":2},"minecraft:used":{"duneons:goatgear_chestplate":1,"minecraft:apple":1,"minecraft:bread":4,"minecraft:stone_pickaxe":3,"duneons:windhole":1,"duneons:sanctumstonecutgilded":1,"minecraft:wooden_pickaxe":3,"duneons:goatgear_helmet":1,"minecraft:stone_axe":20,"minecraft:dirt":8,"minecraft:crafting_table":1,"duneons:sanctumstone":2,"duneons:highlandberries":4},"minecraft:custom":{"minecraft:time_since_rest":30357,"lootr:looted_stat":1,"minecraft:sprint_one_cm":64751,"minecraft:damage_taken":352,"minecraft:walk_one_cm":56687,"minecraft:mob_kills":11,"minecraft:drop":2,"minecraft:damage_dealt":1918,"minecraft:swim_one_cm":347,"minecraft:interact_with_crafting_table":4,"minecraft:fly_one_cm":67911,"minecraft:open_chest":6,"minecraft:crouch_one_cm":3932,"minecraft:play_time":30357,"minecraft:sneak_time":2493,"minecraft:walk_under_water_one_cm":2024,"minecraft:jump":363,"minecraft:time_since_death":30357,"minecraft:total_world_time":30357,"minecraft:fall_one_cm":6249}},"DataVersion":3465}