{"stats":{"minecraft:killed":{"animalistic_a:pato":1},"minecraft:picked_up":{"swem:timothy_seeds":2,"minecraft:azure_bluet":2,"minecraft:wheat_seeds":1,"swem:oat_seeds":1,"minecraft:oxeye_daisy":1},"minecraft:dropped":{"minecraft:oxeye_daisy":1,"swem:timothy_seeds":2,"minecraft:wheat_seeds":1,"minecraft:azure_bluet":2,"animalistic_a:pato_spawn_egg":1,"animalistic_a:tigre_spawn_egg":1,"swem:oat_seeds":1},"minecraft:used":{"useless_sword:wither_sword":3,"iwannaskate:skateboard":2,"minecraft:grass_block":1,"minecraft:stone":2,"animalistic_a:tigre_spawn_egg":1,"animalistic_a:pato_spawn_egg":1},"minecraft:custom":{"minecraft:time_since_rest":27643,"minecraft:crouch_one_cm":344,"minecraft:play_time":27643,"minecraft:sprint_one_cm":5831,"minecraft:walk_one_cm":11797,"minecraft:sneak_time":747,"minecraft:mob_kills":1,"minecraft:drop":8,"minecraft:jump":31,"minecraft:damage_dealt":274,"minecraft:leave_game":1,"minecraft:time_since_death":27643,"minecraft:total_world_time":27643,"minecraft:fly_one_cm":11831}},"DataVersion":3465}