{"stats":{"minecraft:crafted":{"minecraft:oak_planks":0,"minecraft:crafting_table":0,"minecraft:spruce_planks":64,"minecraft:furnace":0,"mm_mining:item_lantern_world":0,"minecraft:air":0,"minecraft:lantern":0,"minecraft:charcoal":5,"minecraft:stick":4,"minecraft:chest":0,"mm_mining:block_crafter_miner":0,"minecraft:torch":16},"minecraft:used":{"mm_mining:str_miner_iron":1,"minecraft:emerald_ore":2,"minecraft:moss_block":3,"storagedrawers:oak_full_drawers_1":4,"storagedrawers:oak_full_drawers_2":2,"minecraft:nether_brick_fence":13,"minecraft:damaged_anvil":1,"minecraft:cow_spawn_egg":2,"mm_mining:str_miner_coal":2,"elevatorid:elevator_gray":2,"minecraft:ladder":2,"mm_mining:block_structure_block":5,"ae2:security_station":2,"ae2:wireless_access_point":2,"minecraft:spruce_planks":2,"minecraft:stone":49,"minecraft:parrot_spawn_egg":1,"animalistic_a:pato_spawn_egg":1,"minecraft:torch":12,"mekanismadditions:white_plastic_fence":120,"minecraft:dirt":1,"elevatorid:elevator_black":4,"ae2:green_smart_dense_cable":4,"ae2:green_glass_cable":3,"minecraft:campfire":1,"mm_mining:block_crafter_miner":1,"mm_mining:str_ore_smelter":1,"ironbows:netherite_bow":1,"mekanism:creative_energy_cube":2,"farmersdelight:roast_chicken":3,"ae2:controller":2,"mm_mining:str_crusher":4,"ae2:drive":3,"minecraft:bookshelf":1,"minecraft:crying_obsidian":5,"useless_sword:bugged_netherite_sword":13,"chunkloaders:ultimate_chunk_loader":1,"constructionwand:infinity_wand":17,"minecraft:lantern":3,"minecraft:grass_block":54,"minecraft:netherite_axe":282,"minecraft:spruce_trapdoor":4,"elevatorid:elevator_red":2,"torchmaster:feral_flare_lantern":4,"minecraft:cobblestone":25,"pipez:item_pipe":28,"minecraft:furnace":2,"minecraft:netherite_pickaxe":844,"torchmaster:megatorch":1,"minecraft:egg":6,"ae2:chest":1,"ae2:crafting_terminal":4},"minecraft:dropped":{"mm_mining:block_crafter_miner":1,"minecraft:bowl":3,"minecraft:cobblestone":1,"minecraft:glow_berries":1,"minecraft:stone":1,"minecraft:egg":1},"minecraft:mined":{"create:zinc_ore":5,"mekanism:osmium_ore":20,"pipez:item_pipe":4,"minecraft:clay":106,"minecraft:copper_ore":15,"minecraft:cobblestone":30,"minecraft:spruce_leaves":1,"minecraft:sugar_cane":3,"minecraft:damaged_anvil":1,"minecolonies:blockminecoloniesrack":6,"minecraft:iron_ore":30,"storagedrawers:oak_full_drawers_1":1,"minecraft:spruce_log":29,"minecraft:andesite":129,"minecraft:pumpkin":21,"evilcraft:dark_ore":2,"storagedrawers:oak_full_drawers_2":1,"minecraft:grass":4,"minecraft:bookshelf":5,"minecraft:oak_log":192,"minecraft:coal_ore":202,"minecraft:sand":387,"thermal:nickel_ore":4,"minecraft:stone":398,"minecraft:oak_leaves":3},"minecraft:killed":{"minecraft:parrot":1,"minecraft:spider":4,"minecraft:creeper":3,"minecraft:skeleton":1,"mekanismadditions:baby_skeleton":1,"minecraft:zombie":3},"minecraft:picked_up":{"minecraft:feather":2,"mm_mining:str_miner_coal":1,"minecraft:clay_ball":424,"minecraft:andesite":129,"create:raw_zinc":5,"minecraft:oak_log":170,"minecraft:gunpowder":1,"minecraft:string":2,"minecraft:lantern":1,"minecolonies:blockminecoloniesrack":6,"minecraft:raw_copper":54,"thermal:raw_nickel":4,"minecraft:bone":2,"minecraft:apple":14,"mm_mining:str_crusher":2,"minecraft:iron_ore":12,"storagedrawers:oak_full_drawers_1":1,"minecraft:sugar_cane":6,"minecraft:egg":10,"minecraft:book":15,"minecraft:stick":56,"minecraft:raw_iron":30,"minecraft:pumpkin":21,"pipez:item_pipe":4,"minecraft:torch":2,"minecraft:sand":387,"minecraft:spruce_log":25,"mekanism:raw_osmium":20,"minecraft:spider_eye":1,"minecraft:arrow":4,"minecraft:rotten_flesh":3,"evilcraft:dark_gem":9,"storagedrawers:oak_full_drawers_2":1,"minecraft:oak_sapling":61,"minecraft:damaged_anvil":1,"minecraft:coal":201,"minecraft:cobblestone":428},"minecraft:custom":{"minecraft:interact_with_furnace":5,"lootr:looted_stat":5,"minecraft:interact_with_anvil":1,"minecraft:mob_kills":13,"minecraft:items_extracted":200,"minecraft:open_barrel":11,"minecraft:items_inserted":2290,"minecraft:leave_game":3,"minecraft:time_since_death":159946,"minecraft:sleep_in_bed":2,"minecraft:climb_one_cm":3402,"minecraft:time_since_rest":95631,"minecraft:sprint_one_cm":106139,"minecraft:damage_taken":41,"minecraft:walk_one_cm":291199,"minecraft:drop":8,"minecraft:damage_dealt":2240,"minecraft:use_wand":43,"minecraft:swim_one_cm":6599,"minecraft:fly_one_cm":272496,"minecraft:crouch_one_cm":1553,"minecraft:play_time":159946,"minecraft:sneak_time":2731,"minecraft:walk_under_water_one_cm":7860,"minecraft:jump":901,"minecraft:walk_on_water_one_cm":4797,"minecraft:total_world_time":159946,"minecraft:fall_one_cm":16766}},"DataVersion":2975}