{"stats":{"minecraft:picked_up":{"minecraft:crafting_table":2,"minecraft:black_bed":1,"minecraft:smoker":1,"minecraft:sand":6,"minecraft:oak_log":22,"minecraft:bone":1,"minecraft:wheat_seeds":2,"minecraft:hay_block":46,"minecraft:oak_sapling":3,"minecraft:melon_slice":48,"minecraft:sugar_cane":11,"mm_cooking:str_trader_food":1,"minecraft:coal":28,"minecraft:cobblestone":35},"minecraft:mined":{"minecraft:hay_block":46,"minecraft:smoker":1,"minecraft:black_bed":1,"minecraft:crafting_table":2,"minecraft:grass":6,"minecraft:coal_ore":29,"minecraft:oak_log":22,"minecraft:melon":9,"minecraft:sand":6,"minecraft:azalea_leaves":4,"minecraft:stone":35,"minecraft:sugar_cane":6},"minecraft:used":{"minecraft:emerald_ore":1,"minecraft:grass_block":2,"minecraft:bread":4,"minecraft:melon_slice":5,"minecraft:stone_pickaxe":62,"mm_cooking:str_trader_food":2,"minecraft:chest":4,"minecraft:wooden_pickaxe":3,"minecraft:stone_axe":65,"torchmaster:feral_flare_lantern":11,"mm_grinding:block_crafter_grinder":1,"minecraft:crafting_table":3,"minecraft:furnace":2,"minecraft:oak_sapling":3,"mm_farming:block_crafter_farm":1,"mm_mining:block_crafter_miner":1,"minecraft:black_bed":2},"minecraft:crafted":{"minecraft:oak_planks":64,"minecraft:crafting_table":1,"minecraft:stick":8,"minecraft:wooden_pickaxe":1,"minecraft:stone_pickaxe":1,"minecraft:chest":6,"minecraft:furnace":2,"minecraft:torch":8,"minecraft:bread":1},"minecraft:custom":{"minecraft:time_since_rest":110450,"minecraft:interact_with_furnace":1,"minecraft:sprint_one_cm":79390,"minecraft:damage_taken":56,"minecraft:walk_one_cm":61383,"minecraft:mob_kills":2,"minecraft:damage_dealt":392,"minecraft:talked_to_villager":4,"minecraft:swim_one_cm":25601,"minecraft:interact_with_crafting_table":8,"minecraft:fly_one_cm":491435,"minecraft:open_chest":28,"minecraft:crouch_one_cm":466,"minecraft:play_time":110450,"minecraft:sneak_time":896,"minecraft:walk_under_water_one_cm":1823,"minecraft:interact_with_brewingstand":1,"minecraft:jump":418,"minecraft:leave_game":1,"minecraft:walk_on_water_one_cm":3634,"minecraft:time_since_death":110450,"minecraft:climb_one_cm":298,"minecraft:total_world_time":110450,"minecraft:fall_one_cm":9167},"minecraft:killed":{"minecraft:skeleton":1,"minecraft:drowned":1}},"DataVersion":2975}