{"stats":{"minecraft:picked_up":{"minecraft:dark_oak_sapling":1,"minecraft:allium":2,"minecraft:cooked_porkchop":4,"regions_unexplored:spruce_shrub":1,"camping:wanderer_bag":1,"minecraft:diamond":1,"minecraft:wheat_seeds":3,"iwannaskate:skateboard":2,"camping:sheepbag":2,"minecraft:sunflower":61},"minecraft:crafted":{"cyclic:glass_connected":64},"minecraft:dropped":{"minecraft:cooked_porkchop":1},"minecraft:used":{"camping:sheepbag":3,"minecraft:netherite_block":1,"minecraft:stone_brick_slab":6,"minecraft:black_wool":3,"minecraft:cyan_terracotta":3,"iwannaskate:skateboard":3,"minecraft:grass_block":20,"minecraft:green_wool":2,"gamingchairs2:cartelaperturalila":3,"fabric_simple_neon_lights:greenlight":2,"camping:wanderer_bag":1,"gamingchairs2:gorraamarilla_helmet":1,"duneons:emptycosoplush":1,"cyclic:glass_connected":8,"minecraft:tinted_glass":1,"gamingchairs2:gamerzone":1,"thingamajigs:ped_disabled":1,"duneons:t_marketbooth_big_tent_ot_no_patch":1,"refurbished_furniture:magenta_lamp":1,"minecraft:beacon":1,"gamingchairs2:smileylogonegroblanco":3,"refurbished_furniture:magenta_sofa":1,"duneons:soultrophy":1,"minecraft:stone_brick_stairs":9,"minecraft:stone_bricks":1,"refurbished_furniture:lime_stool":2,"thingamajigs:no_peds":1,"torchmaster:feral_flare_lantern":13,"gamingchairs2:gameboycrash":1,"minecraft:andesite":3,"minecraft:andesite_stairs":1,"duneons:dragontrophy":1,"thingamajigs:ped_flashers":1,"torchmaster:megatorch":1,"minecraft:jungle_trapdoor":1,"minecraft:dragon_head":2,"camping:grill":2,"gamingchairs2:kawaiheadsetfresa_helmet":1,"camping:tent_red":2},"minecraft:custom":{"minecraft:time_since_rest":46635,"minecraft:sprint_one_cm":2042,"minecraft:walk_one_cm":40799,"minecraft:drop":1,"minecraft:interact_with_beacon":1,"minecraft:fly_one_cm":115072,"minecraft:open_chest":1,"minecraft:crouch_one_cm":4902,"minecraft:play_time":46635,"minecraft:sneak_time":18140,"minecraft:jump":58,"minecraft:leave_game":4,"minecraft:time_since_death":46635,"minecraft:total_world_time":46635}},"DataVersion":3465}