{"stats":{"minecraft:picked_up":{"minecraft:wheat_seeds":1,"minecraft:sand":6,"minecraft:oak_sapling":1,"minecraft:melon_slice":48,"minecraft:sugar_cane":11},"minecraft:custom":{"minecraft:time_since_rest":65170,"minecraft:open_chest":5,"minecraft:crouch_one_cm":95,"minecraft:play_time":65170,"minecraft:sprint_one_cm":8827,"minecraft:walk_one_cm":14213,"minecraft:sneak_time":583,"minecraft:walk_under_water_one_cm":662,"minecraft:mob_kills":1,"minecraft:jump":92,"minecraft:damage_dealt":200,"minecraft:time_since_death":65170,"minecraft:walk_on_water_one_cm":1424,"minecraft:climb_one_cm":274,"minecraft:total_world_time":65170,"minecraft:swim_one_cm":2459,"minecraft:fall_one_cm":1856,"minecraft:fly_one_cm":415599},"minecraft:killed":{"minecraft:drowned":1},"minecraft:used":{"minecraft:stone_axe":26,"minecraft:grass_block":1},"minecraft:mined":{"minecraft:grass":3,"minecraft:melon":9,"minecraft:sand":6,"minecraft:sugar_cane":6}},"DataVersion":2975}