{"stats":{"minecraft:killed":{"gamingchairs2:sillablancaneon":3},"minecraft:picked_up":{"minecraft:allium":2,"regions_unexplored:spruce_shrub":1,"minecraft:wheat_seeds":3,"iwannaskate:skateboard":2,"camping:sheepbag":2,"minecraft:coal_block":124,"minecraft:dark_oak_sapling":1,"minecraft:cooked_porkchop":4,"refurbished_furniture:light_lightswitch":1,"camping:wanderer_bag":1,"minecraft:diamond":1,"minecraft:sunflower":61},"minecraft:crafted":{"cyclic:glass_connected":64},"minecraft:dropped":{"minecraft:cooked_porkchop":1},"minecraft:used":{"refurbished_furniture:orange_trampoline":9,"camping:wanderer_bag":1,"gamingchairs2:cajasillablancaneon":4,"cyclic:glass_connected":8,"minecraft:tinted_glass":1,"gamingchairs2:gamerzone":1,"gamingchairs2:cartelaperturalila":3,"minecraft:beacon":1,"animalistic_a:pato_spawn_egg":1,"refurbished_furniture:magenta_sofa":1,"duneons:soultrophy":1,"fabric_simple_neon_lights:pinklight":1,"minecraft:spruce_leaves":6,"thingamajigs:alternative_neon_block":2,"plushies:glow_squid_plushie":1,"refurbished_furniture:lime_stool":2,"fabric_simple_neon_lights:yellowlight":1,"plushies:sniffer_plushie":1,"minecraft:spruce_stairs":1,"gamingchairs2:gameboycrash":1,"plushies:cold_frog_plushie":1,"refurbished_furniture:oak_light_ceiling_fan":1,"thingamajigs:ped_flashers":1,"minecraft:jungle_trapdoor":1,"camping:grill":2,"alexscaves:siren_light":2,"plushies:dragon_plushie":2,"plushies:snow_golem_plushie":1,"camping:sheepbag":3,"minecraft:stone_brick_slab":6,"minecraft:netherite_block":1,"minecraft:cyan_terracotta":3,"minecraft:black_wool":3,"iwannaskate:skateboard":3,"minecraft:grass_block":22,"plushies:allay_plushie":1,"duneons:well":1,"minecraft:green_wool":2,"fabric_simple_neon_lights:greenlight":2,"thingamajigs:reindeer_plushy":1,"duneons:emptycosoplush":1,"exposure:lightroom":1,"refurbished_furniture:white_lamp":8,"duneons:t_marketbooth_big_tent_ot_no_patch":1,"gamingchairs2:gorraamarilla_helmet":1,"thingamajigs:ped_disabled":1,"refurbished_furniture:magenta_lamp":1,"refurbished_furniture:light_electricity_generator":3,"gamingchairs2:smileylogonegroblanco":3,"mm_mining:str_miner_diamond":1,"fabric_simple_neon_lights:white_light":3,"minecraft:stone_brick_stairs":9,"minecraft:stone_bricks":1,"duneons:darknesschest":1,"plushies:llama_plushie":3,"fabric_simple_neon_lights:redlight":1,"thingamajigs:neon_block":3,"plushies:warden_plushie":2,"torchmaster:feral_flare_lantern":13,"thingamajigs:no_peds":1,"refurbished_furniture:light_lightswitch":3,"fabric_simple_neon_lights:lightbluelight":2,"plushies:wither_plushie":1,"duneons:dragontrophy":1,"minecraft:andesite_stairs":1,"minecraft:andesite":3,"torchmaster:megatorch":1,"minecraft:dragon_head":2,"gamingchairs2:kawaiheadsetfresa_helmet":1,"camping:tent_red":2},"minecraft:custom":{"minecraft:mob_kills":3,"exposure:interact_with_lightroom":2,"minecraft:leave_game":4,"minecraft:time_since_death":70635,"minecraft:time_since_rest":70635,"minecraft:sprint_one_cm":3563,"minecraft:walk_one_cm":58332,"minecraft:drop":1,"minecraft:damage_dealt":60,"minecraft:interact_with_beacon":1,"minecraft:fly_one_cm":155861,"minecraft:open_chest":3,"minecraft:crouch_one_cm":5217,"minecraft:play_time":70635,"minecraft:sneak_time":18607,"minecraft:jump":92,"minecraft:walk_on_water_one_cm":662,"minecraft:total_world_time":70635}},"DataVersion":3465}