{"stats":{"minecraft:custom":{"minecraft:time_since_rest":49861,"minecraft:sprint_one_cm":573,"lootr:looted_stat":3,"minecraft:walk_one_cm":73045,"minecraft:drop":4,"minecraft:use_wand":43,"minecraft:damage_dealt":10,"minecraft:items_extracted":2,"minecraft:fly_one_cm":138297,"minecraft:crouch_one_cm":936,"minecraft:play_time":63674,"minecraft:items_inserted":108,"minecraft:sneak_time":1559,"minecraft:walk_under_water_one_cm":3135,"minecraft:jump":138,"minecraft:walk_on_water_one_cm":454,"minecraft:time_since_death":63674,"minecraft:sleep_in_bed":1,"minecraft:total_world_time":63674,"minecraft:climb_one_cm":2564},"minecraft:used":{"minecraft:moss_block":3,"minecraft:emerald_ore":2,"ae2:drive":3,"minecraft:nether_brick_fence":13,"minecraft:cow_spawn_egg":2,"minecraft:bookshelf":1,"minecraft:crying_obsidian":5,"chunkloaders:ultimate_chunk_loader":1,"minecraft:lantern":3,"minecraft:grass_block":54,"constructionwand:infinity_wand":17,"minecraft:ladder":2,"ae2:security_station":2,"ae2:wireless_access_point":2,"minecraft:spruce_planks":2,"minecraft:stone":35,"minecraft:spruce_trapdoor":4,"minecraft:parrot_spawn_egg":1,"elevatorid:elevator_red":2,"mekanismadditions:white_plastic_fence":120,"minecraft:dirt":1,"torchmaster:feral_flare_lantern":4,"minecraft:cobblestone":12,"elevatorid:elevator_black":4,"ae2:green_smart_dense_cable":4,"ae2:green_glass_cable":3,"minecraft:campfire":1,"minecraft:egg":1,"torchmaster:megatorch":1,"ae2:chest":1,"mekanism:creative_energy_cube":2,"ae2:crafting_terminal":4,"ae2:controller":2},"minecraft:dropped":{"minecraft:stone":1,"minecraft:cobblestone":1,"minecraft:glow_berries":1,"minecraft:egg":1},"minecraft:picked_up":{"minecraft:torch":1,"minecraft:lantern":1,"minecraft:egg":4}},"DataVersion":2975}