{"stats":{"minecraft:custom":{"lootr:looted_stat":5,"minecraft:mob_kills":12,"minecraft:items_extracted":2,"minecraft:open_barrel":11,"minecraft:items_inserted":1839,"minecraft:time_since_death":87674,"minecraft:sleep_in_bed":2,"minecraft:climb_one_cm":3402,"minecraft:time_since_rest":23359,"minecraft:sprint_one_cm":63813,"minecraft:damage_taken":41,"minecraft:walk_one_cm":157342,"minecraft:drop":7,"minecraft:use_wand":43,"minecraft:damage_dealt":2240,"minecraft:swim_one_cm":6599,"minecraft:fly_one_cm":229021,"minecraft:crouch_one_cm":1372,"minecraft:play_time":87674,"minecraft:sneak_time":1862,"minecraft:walk_under_water_one_cm":7860,"minecraft:jump":688,"minecraft:walk_on_water_one_cm":4797,"minecraft:total_world_time":87674,"minecraft:fall_one_cm":12448},"minecraft:used":{"minecraft:moss_block":3,"minecraft:emerald_ore":2,"minecraft:nether_brick_fence":13,"minecraft:cow_spawn_egg":2,"minecraft:ladder":2,"ae2:security_station":2,"ae2:wireless_access_point":2,"minecraft:spruce_planks":2,"minecraft:stone":35,"minecraft:parrot_spawn_egg":1,"minecraft:torch":3,"mekanismadditions:white_plastic_fence":120,"minecraft:dirt":1,"elevatorid:elevator_black":4,"ae2:green_smart_dense_cable":4,"ae2:green_glass_cable":3,"minecraft:campfire":1,"mekanism:creative_energy_cube":2,"farmersdelight:roast_chicken":2,"ae2:controller":2,"ae2:drive":3,"minecraft:bookshelf":1,"minecraft:crying_obsidian":5,"minecraft:grass_block":54,"chunkloaders:ultimate_chunk_loader":1,"minecraft:lantern":3,"useless_sword:bugged_netherite_sword":13,"constructionwand:infinity_wand":17,"minecraft:netherite_axe":193,"minecraft:spruce_trapdoor":4,"elevatorid:elevator_red":2,"torchmaster:feral_flare_lantern":4,"minecraft:cobblestone":15,"minecraft:netherite_pickaxe":669,"torchmaster:megatorch":1,"minecraft:egg":2,"ae2:chest":1,"ae2:crafting_terminal":4},"minecraft:crafted":{"minecraft:spruce_planks":64,"minecraft:stick":4,"minecraft:torch":16},"minecraft:dropped":{"mm_mining:block_crafter_miner":1,"minecraft:bowl":2,"minecraft:cobblestone":1,"minecraft:glow_berries":1,"minecraft:stone":1,"minecraft:egg":1},"minecraft:picked_up":{"minecraft:clay_ball":424,"minecraft:andesite":129,"minecraft:oak_log":114,"create:raw_zinc":5,"minecraft:gunpowder":1,"minecraft:string":2,"minecraft:lantern":1,"minecolonies:blockminecoloniesrack":6,"minecraft:raw_copper":54,"thermal:raw_nickel":4,"minecraft:bone":2,"minecraft:apple":7,"minecraft:sugar_cane":6,"minecraft:egg":6,"minecraft:book":15,"minecraft:stick":36,"minecraft:raw_iron":30,"minecraft:pumpkin":13,"minecraft:torch":1,"minecraft:sand":129,"minecraft:spruce_log":25,"mekanism:raw_osmium":20,"minecraft:spider_eye":1,"minecraft:arrow":4,"minecraft:rotten_flesh":3,"evilcraft:dark_gem":9,"minecraft:oak_sapling":43,"minecraft:coal":201,"minecraft:cobblestone":261},"minecraft:mined":{"create:zinc_ore":5,"mekanism:osmium_ore":20,"minecraft:clay":106,"minecraft:copper_ore":15,"minecraft:spruce_leaves":1,"minecraft:sugar_cane":3,"minecolonies:blockminecoloniesrack":6,"minecraft:iron_ore":30,"minecraft:spruce_log":29,"minecraft:andesite":129,"minecraft:pumpkin":13,"evilcraft:dark_ore":2,"minecraft:grass":3,"minecraft:bookshelf":5,"minecraft:oak_log":120,"minecraft:coal_ore":202,"minecraft:sand":129,"thermal:nickel_ore":4,"minecraft:stone":261,"minecraft:oak_leaves":2},"minecraft:killed":{"minecraft:spider":4,"minecraft:creeper":3,"minecraft:skeleton":1,"mekanismadditions:baby_skeleton":1,"minecraft:zombie":3}},"DataVersion":2975}