{"stats":{"minecraft:picked_up":{"minecraft:crafting_table":2,"minecraft:black_bed":1,"minecraft:sand":6,"minecraft:oak_log":9,"minecraft:wheat_seeds":1,"minecraft:oak_sapling":1,"minecraft:melon_slice":48,"minecraft:sugar_cane":11,"minecraft:coal":24,"minecraft:cobblestone":34},"minecraft:custom":{"minecraft:time_since_rest":81800,"minecraft:sprint_one_cm":23762,"minecraft:walk_one_cm":27585,"minecraft:mob_kills":1,"minecraft:damage_dealt":200,"minecraft:talked_to_villager":1,"minecraft:swim_one_cm":2459,"minecraft:interact_with_crafting_table":3,"minecraft:fly_one_cm":429330,"minecraft:open_chest":5,"minecraft:crouch_one_cm":95,"minecraft:play_time":81800,"minecraft:sneak_time":587,"minecraft:walk_under_water_one_cm":662,"minecraft:jump":174,"minecraft:leave_game":1,"minecraft:walk_on_water_one_cm":1424,"minecraft:time_since_death":81800,"minecraft:total_world_time":81800,"minecraft:climb_one_cm":274,"minecraft:fall_one_cm":3706},"minecraft:killed":{"minecraft:drowned":1},"minecraft:crafted":{"minecraft:oak_planks":36,"minecraft:crafting_table":1,"minecraft:stick":8,"minecraft:wooden_pickaxe":1,"minecraft:stone_pickaxe":1},"minecraft:used":{"minecraft:grass_block":1,"minecraft:melon_slice":2,"minecraft:stone_pickaxe":55,"minecraft:wooden_pickaxe":3,"minecraft:stone_axe":43,"minecraft:crafting_table":2,"minecraft:oak_sapling":1,"minecraft:black_bed":2},"minecraft:mined":{"minecraft:black_bed":1,"minecraft:crafting_table":2,"minecraft:grass":4,"minecraft:coal_ore":24,"minecraft:oak_log":9,"minecraft:melon":9,"minecraft:sand":6,"minecraft:azalea_leaves":4,"minecraft:stone":34,"minecraft:sugar_cane":6}},"DataVersion":2975}