{"stats":{"minecraft:picked_up":{"minecraft:crafting_table":2,"minecraft:black_bed":1,"minecraft:smoker":1,"minecraft:sand":6,"minecraft:oak_log":22,"minecraft:wheat_seeds":2,"minecraft:hay_block":46,"minecraft:oak_sapling":3,"minecraft:melon_slice":48,"minecraft:sugar_cane":11,"minecraft:coal":24,"minecraft:cobblestone":35},"minecraft:mined":{"minecraft:hay_block":46,"minecraft:smoker":1,"minecraft:black_bed":1,"minecraft:crafting_table":2,"minecraft:grass":6,"minecraft:coal_ore":24,"minecraft:oak_log":22,"minecraft:melon":9,"minecraft:sand":6,"minecraft:azalea_leaves":4,"minecraft:stone":35,"minecraft:sugar_cane":6},"minecraft:used":{"minecraft:emerald_ore":1,"minecraft:grass_block":1,"minecraft:bread":2,"minecraft:melon_slice":5,"minecraft:stone_pickaxe":57,"minecraft:chest":4,"minecraft:wooden_pickaxe":3,"minecraft:stone_axe":62,"minecraft:crafting_table":3,"minecraft:furnace":2,"minecraft:oak_sapling":3,"minecraft:black_bed":2},"minecraft:crafted":{"minecraft:oak_planks":64,"minecraft:crafting_table":1,"minecraft:stick":8,"minecraft:wooden_pickaxe":1,"minecraft:stone_pickaxe":1,"minecraft:chest":6,"minecraft:furnace":2,"minecraft:torch":8,"minecraft:bread":1},"minecraft:custom":{"minecraft:time_since_rest":98450,"minecraft:interact_with_furnace":1,"minecraft:sprint_one_cm":63536,"minecraft:damage_taken":32,"minecraft:walk_one_cm":50241,"minecraft:mob_kills":1,"minecraft:damage_dealt":200,"minecraft:talked_to_villager":3,"minecraft:swim_one_cm":2839,"minecraft:interact_with_crafting_table":8,"minecraft:fly_one_cm":460529,"minecraft:open_chest":27,"minecraft:crouch_one_cm":129,"minecraft:play_time":98450,"minecraft:sneak_time":630,"minecraft:walk_under_water_one_cm":706,"minecraft:interact_with_brewingstand":1,"minecraft:jump":322,"minecraft:leave_game":1,"minecraft:walk_on_water_one_cm":2409,"minecraft:time_since_death":98450,"minecraft:climb_one_cm":274,"minecraft:total_world_time":98450,"minecraft:fall_one_cm":6868},"minecraft:killed":{"minecraft:drowned":1}},"DataVersion":2975}