{"stats":{"minecraft:custom":{"minecraft:time_since_rest":25861,"minecraft:sprint_one_cm":573,"lootr:looted_stat":2,"minecraft:walk_one_cm":62572,"minecraft:drop":3,"minecraft:use_wand":43,"minecraft:damage_dealt":10,"minecraft:fly_one_cm":138132,"minecraft:crouch_one_cm":887,"minecraft:play_time":39674,"minecraft:sneak_time":1475,"minecraft:walk_under_water_one_cm":3135,"minecraft:jump":115,"minecraft:walk_on_water_one_cm":454,"minecraft:time_since_death":39674,"minecraft:sleep_in_bed":1,"minecraft:total_world_time":39674,"minecraft:climb_one_cm":2424},"minecraft:used":{"minecraft:moss_block":3,"minecraft:emerald_ore":2,"ae2:drive":3,"minecraft:nether_brick_fence":13,"minecraft:cow_spawn_egg":2,"minecraft:bookshelf":1,"minecraft:crying_obsidian":5,"chunkloaders:ultimate_chunk_loader":1,"minecraft:lantern":3,"minecraft:grass_block":54,"constructionwand:infinity_wand":17,"minecraft:ladder":2,"ae2:wireless_access_point":1,"minecraft:spruce_planks":2,"minecraft:stone":20,"minecraft:spruce_trapdoor":4,"minecraft:parrot_spawn_egg":1,"elevatorid:elevator_red":2,"mekanismadditions:white_plastic_fence":120,"minecraft:dirt":1,"torchmaster:feral_flare_lantern":4,"minecraft:cobblestone":12,"elevatorid:elevator_black":4,"ae2:green_smart_dense_cable":1,"minecraft:campfire":1,"minecraft:egg":1,"torchmaster:megatorch":1,"mekanism:creative_energy_cube":1,"ae2:crafting_terminal":1,"ae2:controller":2},"minecraft:dropped":{"minecraft:stone":1,"minecraft:cobblestone":1,"minecraft:egg":1},"minecraft:picked_up":{"minecraft:torch":1,"minecraft:lantern":1,"minecraft:egg":4}},"DataVersion":2975}