{"stats":{"minecraft:picked_up":{"minecraft:dark_oak_sapling":1,"minecraft:allium":2,"regions_unexplored:spruce_shrub":1,"minecraft:diamond":1,"minecraft:wheat_seeds":3,"minecraft:sunflower":61},"minecraft:crafted":{"cyclic:glass_connected":64},"minecraft:used":{"minecraft:stone_brick_stairs":9,"minecraft:stone_bricks":1,"minecraft:stone_brick_slab":6,"minecraft:netherite_block":1,"minecraft:cyan_terracotta":3,"minecraft:black_wool":3,"torchmaster:feral_flare_lantern":13,"minecraft:grass_block":19,"duneons:dragontrophy":1,"minecraft:andesite_stairs":1,"minecraft:andesite":2,"minecraft:green_wool":2,"fabric_simple_neon_lights:greenlight":2,"duneons:emptycosoplush":1,"cyclic:glass_connected":8,"torchmaster:megatorch":1,"minecraft:tinted_glass":1,"minecraft:dragon_head":2,"minecraft:beacon":1,"duneons:soultrophy":1},"minecraft:custom":{"minecraft:time_since_rest":34635,"minecraft:sprint_one_cm":931,"minecraft:crouch_one_cm":4469,"minecraft:play_time":34635,"minecraft:walk_one_cm":25632,"minecraft:sneak_time":18036,"minecraft:jump":50,"minecraft:leave_game":4,"minecraft:interact_with_beacon":1,"minecraft:time_since_death":34635,"minecraft:total_world_time":34635,"minecraft:fly_one_cm":97742,"minecraft:open_chest":1}},"DataVersion":3465}