{"stats":{"minecraft:picked_up":{"minecraft:wheat_seeds":1,"minecraft:sand":6,"minecraft:oak_sapling":1,"minecraft:melon_slice":48,"minecraft:sugar_cane":11},"minecraft:custom":{"minecraft:time_since_rest":5170,"minecraft:open_chest":3,"minecraft:play_time":5170,"minecraft:sprint_one_cm":5696,"minecraft:walk_one_cm":11485,"minecraft:walk_under_water_one_cm":662,"minecraft:mob_kills":1,"minecraft:jump":66,"minecraft:damage_dealt":200,"minecraft:time_since_death":5170,"minecraft:walk_on_water_one_cm":1424,"minecraft:climb_one_cm":206,"minecraft:total_world_time":5170,"minecraft:swim_one_cm":2459,"minecraft:fall_one_cm":894,"minecraft:fly_one_cm":8438},"minecraft:killed":{"minecraft:drowned":1},"minecraft:used":{"minecraft:stone_axe":26},"minecraft:mined":{"minecraft:grass":3,"minecraft:melon":9,"minecraft:sand":6,"minecraft:sugar_cane":6}},"DataVersion":2975}