{"stats":{"minecraft:dropped":{"minecraft:gravel":1,"minecraft:wheat_seeds":2,"minecraft:dark_oak_sapling":1,"mm_mining:item_ancient_shard_tiny":1},"minecraft:picked_up":{"minecraft:wheat":2,"minecraft:crafting_table":2,"mm_mining:str_miner_coal":1,"minecraft:black_bed":1,"minecraft:wooden_pickaxe":1,"mm_mining:str_mining_machine_digital":1,"minecraft:smoker":1,"mm_farming:str_farm_tree_dark_oak":4,"minecraft:oak_log":22,"minecraft:gunpowder":1,"mm_mining:str_mining_machine_tunnel":2,"minecraft:dirt":6,"minecraft:flint_and_steel":1,"minecraft:bone":1,"minecraft:gold_nugget":8,"minecraft:wheat_seeds":14,"mm_mining:str_crusher":9,"minecraft:dark_oak_leaves":71,"mm_farming:item_upgrade_speed_creative":1,"minecraft:iron_nugget":10,"mm_mining:str_mining_machine_horizontal":1,"minecraft:melon_slice":48,"minecraft:sugar_cane":22,"minecraft:chest":8,"minecraft:dark_oak_sapling":71,"minecraft:stone":5,"mm_mining:str_mining_machine_vertical":3,"minecraft:gravel":3,"minecraft:fire_charge":1,"minecraft:sand":6,"minecraft:grass_block":1,"mm_mining:item_ancient_shard_tiny":128,"minecraft:dark_oak_log":71,"mm_mining:item_upgrade_speed_creative":2,"mm_mining:str_ore_smelter":3,"minecraft:coal_ore":192,"minecraft:hay_block":46,"minecraft:golden_apple":2,"minecraft:golden_horse_armor":1,"minecraft:emerald":1,"minecraft:oak_sapling":3,"mm_cooking:str_trader_food":1,"minecraft:obsidian":3,"minecraft:emerald_ore":1,"minecraft:coal":28,"minecraft:hopper":11,"minecraft:cobblestone":43},"minecraft:mined":{"minecraft:smoker":1,"minecraft:crafting_table":2,"minecraft:emerald_ore":1,"minecraft:grass_block":2,"minecraft:melon":9,"minecraft:chest":9,"minecraft:hopper":11,"minecraft:sugar_cane":6,"minecraft:hay_block":46,"minecraft:black_bed":1,"minecraft:grass":8,"minecraft:coal_ore":29,"minecraft:oak_log":22,"minecraft:gravel":1,"minecraft:sand":6,"minecraft:dirt":1,"minecraft:azalea_leaves":4,"minecraft:stone":46,"minecraft:fern":1},"minecraft:used":{"mm_mining:str_miner_iron":1,"minecraft:oak_trapdoor":1,"minecraft:oak_fence":1,"mm_farming:str_farm_tree_dark_oak":4,"minecraft:emerald_ore":8,"mm_farming:str_farm_tree_oak":2,"mm_mining:str_mining_machine_horizontal":1,"mm_mining:str_miner_coal":2,"minecraft:dispenser":2,"minecraft:stone_pickaxe":62,"mm_cooking:str_trader_food":2,"minecraft:chest":22,"minecraft:wooden_pickaxe":3,"minecraft:stone":20,"minecraft:cauldron":2,"mm_mining:str_mining_machine_tunnel":2,"minecraft:torch":1,"minecraft:dirt":27,"mm_grinding:block_crafter_grinder":1,"minecraft:crafting_table":5,"minecraft:hopper":27,"mm_farming:block_crafter_farm":1,"mm_mining:block_crafter_miner":1,"mm_mining:str_ore_smelter":4,"minecraft:black_bed":2,"mm_mining:str_crusher":10,"mm_mining:str_mining_machine_digital":2,"minecraft:grass_block":51,"minecraft:melon_slice":5,"minecraft:bread":6,"minecraft:netherite_axe":9,"minecraft:stone_slab":10,"minecraft:gravel":4,"minecraft:stone_bricks":53,"minecraft:stone_axe":65,"torchmaster:feral_flare_lantern":33,"minecraft:cobblestone":2,"minecraft:oak_sapling":3,"minecraft:furnace":2,"mm_mining:str_mining_machine_vertical":3,"minecraft:netherite_pickaxe":30},"minecraft:crafted":{"minecraft:oak_planks":160,"minecraft:cauldron":2,"minecraft:crafting_table":2,"minecraft:iron_nugget":36,"minecraft:wooden_pickaxe":1,"minecraft:furnace":2,"mm_mining:item_lantern_world":4,"minecraft:bread":139,"minecraft:air":0,"minecraft:oak_trapdoor":2,"minecraft:glass":6,"minecraft:lantern":4,"minecraft:charcoal":6,"minecraft:stick":8,"minecraft:stone_pickaxe":1,"minecraft:chest":6,"minecraft:torch":8,"minecraft:oak_fence":3,"minecraft:wheat":414},"minecraft:custom":{"minecraft:interact_with_furnace":6,"minecraft:mob_kills":3,"minecraft:inspect_hopper":26,"minecraft:interact_with_crafting_table":26,"minecraft:leave_game":3,"minecraft:time_since_death":228569,"minecraft:sleep_in_bed":4,"minecraft:climb_one_cm":298,"minecraft:time_since_rest":85340,"minecraft:sprint_one_cm":117312,"minecraft:damage_taken":72,"minecraft:walk_one_cm":219961,"minecraft:drop":5,"minecraft:damage_dealt":402,"minecraft:swim_one_cm":25601,"minecraft:talked_to_villager":4,"minecraft:fly_one_cm":939360,"minecraft:open_chest":96,"minecraft:crouch_one_cm":2432,"minecraft:play_time":228569,"minecraft:sneak_time":2494,"minecraft:walk_under_water_one_cm":3831,"minecraft:jump":676,"minecraft:interact_with_brewingstand":1,"minecraft:walk_on_water_one_cm":4053,"minecraft:total_world_time":228569,"minecraft:inspect_dispenser":9,"minecraft:fall_one_cm":11224},"minecraft:killed":{"minecraft:skeleton":1,"minecraft:drowned":1}},"DataVersion":2975}