{"stats":{"minecraft:custom":{"minecraft:time_since_rest":1861,"minecraft:crouch_one_cm":330,"minecraft:play_time":15674,"lootr:looted_stat":2,"minecraft:sprint_one_cm":573,"minecraft:walk_one_cm":19606,"minecraft:sneak_time":382,"minecraft:walk_under_water_one_cm":66,"minecraft:drop":3,"minecraft:jump":35,"minecraft:use_wand":43,"minecraft:time_since_death":15674,"minecraft:walk_on_water_one_cm":216,"minecraft:sleep_in_bed":1,"minecraft:climb_one_cm":506,"minecraft:total_world_time":15674,"minecraft:fly_one_cm":80214},"minecraft:used":{"mekanismadditions:white_plastic_fence":115,"minecraft:cow_spawn_egg":2,"minecraft:cobblestone":12,"minecraft:bookshelf":1,"elevatorid:elevator_black":1,"chunkloaders:ultimate_chunk_loader":1,"minecraft:grass_block":52,"constructionwand:infinity_wand":17,"minecraft:spruce_planks":1,"minecraft:egg":1,"minecraft:stone":4,"minecraft:parrot_spawn_egg":1},"minecraft:dropped":{"minecraft:cobblestone":1,"minecraft:stone":1,"minecraft:egg":1},"minecraft:picked_up":{"minecraft:egg":2}},"DataVersion":2975}