{"stats":{"minecraft:custom":{"minecraft:time_since_rest":13861,"minecraft:crouch_one_cm":620,"minecraft:play_time":27674,"lootr:looted_stat":2,"minecraft:sprint_one_cm":573,"minecraft:walk_one_cm":41802,"minecraft:sneak_time":973,"minecraft:walk_under_water_one_cm":3135,"minecraft:drop":3,"minecraft:jump":82,"minecraft:use_wand":43,"minecraft:damage_dealt":10,"minecraft:time_since_death":27674,"minecraft:walk_on_water_one_cm":450,"minecraft:sleep_in_bed":1,"minecraft:climb_one_cm":1438,"minecraft:total_world_time":27674,"minecraft:fly_one_cm":114330},"minecraft:used":{"minecraft:moss_block":2,"minecraft:nether_brick_fence":13,"mekanismadditions:white_plastic_fence":116,"torchmaster:feral_flare_lantern":4,"minecraft:dirt":1,"minecraft:cow_spawn_egg":2,"minecraft:cobblestone":12,"minecraft:bookshelf":1,"elevatorid:elevator_black":4,"chunkloaders:ultimate_chunk_loader":1,"minecraft:lantern":3,"minecraft:grass_block":54,"constructionwand:infinity_wand":17,"minecraft:ladder":2,"minecraft:campfire":1,"torchmaster:megatorch":1,"minecraft:spruce_planks":2,"minecraft:egg":1,"minecraft:stone":6,"minecraft:spruce_trapdoor":4,"minecraft:parrot_spawn_egg":1,"elevatorid:elevator_red":2},"minecraft:dropped":{"minecraft:cobblestone":1,"minecraft:stone":1,"minecraft:egg":1},"minecraft:picked_up":{"minecraft:torch":1,"minecraft:lantern":1,"minecraft:egg":3}},"DataVersion":2975}