{"stats":{"minecraft:picked_up":{"minecraft:crafting_table":2,"minecraft:black_bed":1,"minecraft:sand":6,"minecraft:oak_log":22,"minecraft:wheat_seeds":1,"minecraft:oak_sapling":3,"minecraft:melon_slice":48,"minecraft:sugar_cane":11,"minecraft:coal":24,"minecraft:cobblestone":34},"minecraft:mined":{"minecraft:black_bed":1,"minecraft:crafting_table":2,"minecraft:grass":4,"minecraft:coal_ore":24,"minecraft:oak_log":22,"minecraft:melon":9,"minecraft:sand":6,"minecraft:azalea_leaves":4,"minecraft:stone":35,"minecraft:sugar_cane":6},"minecraft:used":{"minecraft:emerald_ore":1,"minecraft:grass_block":1,"minecraft:melon_slice":5,"minecraft:stone_pickaxe":56,"minecraft:chest":4,"minecraft:wooden_pickaxe":3,"minecraft:stone_axe":57,"minecraft:crafting_table":3,"minecraft:oak_sapling":3,"minecraft:black_bed":2},"minecraft:crafted":{"minecraft:oak_planks":64,"minecraft:crafting_table":1,"minecraft:stick":8,"minecraft:wooden_pickaxe":1,"minecraft:stone_pickaxe":1,"minecraft:chest":6},"minecraft:custom":{"minecraft:time_since_rest":86450,"minecraft:sprint_one_cm":31310,"minecraft:damage_taken":32,"minecraft:walk_one_cm":32140,"minecraft:mob_kills":1,"minecraft:damage_dealt":200,"minecraft:talked_to_villager":1,"minecraft:swim_one_cm":2459,"minecraft:interact_with_crafting_table":4,"minecraft:fly_one_cm":434565,"minecraft:open_chest":14,"minecraft:crouch_one_cm":129,"minecraft:play_time":86450,"minecraft:sneak_time":615,"minecraft:walk_under_water_one_cm":662,"minecraft:jump":217,"minecraft:leave_game":1,"minecraft:walk_on_water_one_cm":1424,"minecraft:time_since_death":86450,"minecraft:climb_one_cm":274,"minecraft:total_world_time":86450,"minecraft:fall_one_cm":4660},"minecraft:killed":{"minecraft:drowned":1}},"DataVersion":2975}