{"stats":{"minecraft:custom":{"minecraft:time_since_rest":11359,"minecraft:sprint_one_cm":31139,"lootr:looted_stat":5,"minecraft:walk_one_cm":113406,"minecraft:drop":5,"minecraft:use_wand":43,"minecraft:damage_dealt":10,"minecraft:items_extracted":2,"minecraft:swim_one_cm":5574,"minecraft:fly_one_cm":189560,"minecraft:open_barrel":11,"minecraft:crouch_one_cm":1372,"minecraft:play_time":75674,"minecraft:items_inserted":412,"minecraft:sneak_time":1728,"minecraft:walk_under_water_one_cm":3257,"minecraft:jump":418,"minecraft:walk_on_water_one_cm":1571,"minecraft:time_since_death":75674,"minecraft:sleep_in_bed":2,"minecraft:total_world_time":75674,"minecraft:climb_one_cm":3220,"minecraft:fall_one_cm":7740},"minecraft:used":{"minecraft:moss_block":3,"minecraft:emerald_ore":2,"ae2:drive":3,"minecraft:nether_brick_fence":13,"minecraft:cow_spawn_egg":2,"minecraft:bookshelf":1,"minecraft:crying_obsidian":5,"chunkloaders:ultimate_chunk_loader":1,"minecraft:lantern":3,"minecraft:grass_block":54,"constructionwand:infinity_wand":17,"minecraft:ladder":2,"minecraft:netherite_axe":35,"ae2:security_station":2,"ae2:wireless_access_point":2,"minecraft:spruce_planks":2,"minecraft:stone":35,"minecraft:spruce_trapdoor":4,"minecraft:parrot_spawn_egg":1,"elevatorid:elevator_red":2,"mekanismadditions:white_plastic_fence":120,"minecraft:dirt":1,"torchmaster:feral_flare_lantern":4,"minecraft:cobblestone":15,"elevatorid:elevator_black":4,"ae2:green_smart_dense_cable":4,"ae2:green_glass_cable":3,"minecraft:netherite_pickaxe":208,"minecraft:campfire":1,"minecraft:egg":2,"torchmaster:megatorch":1,"farmersdelight:roast_chicken":1,"ae2:chest":1,"mekanism:creative_energy_cube":2,"ae2:crafting_terminal":4,"ae2:controller":2},"minecraft:crafted":{"minecraft:stick":4,"minecraft:spruce_planks":64,"minecraft:torch":16},"minecraft:dropped":{"minecraft:stone":1,"minecraft:bowl":1,"minecraft:cobblestone":1,"minecraft:glow_berries":1,"minecraft:egg":1},"minecraft:picked_up":{"minecraft:book":15,"minecraft:raw_iron":28,"minecraft:torch":1,"minecraft:spruce_log":16,"mekanism:raw_osmium":17,"minecolonies:blockminecoloniesrack":6,"minecraft:lantern":1,"minecraft:coal":32,"minecraft:cobblestone":131,"minecraft:egg":6},"minecraft:mined":{"mekanism:osmium_ore":17,"minecolonies:blockminecoloniesrack":6,"minecraft:iron_ore":28,"minecraft:spruce_log":20,"minecraft:bookshelf":5,"minecraft:coal_ore":32,"minecraft:spruce_leaves":1,"minecraft:stone":131,"minecraft:oak_leaves":2}},"DataVersion":2975}