{"stats":{"minecraft:picked_up":{"minecraft:dark_oak_sapling":1,"minecraft:allium":2,"minecraft:cooked_porkchop":4,"regions_unexplored:spruce_shrub":1,"refurbished_furniture:light_lightswitch":1,"camping:wanderer_bag":1,"minecraft:diamond":1,"minecraft:wheat_seeds":3,"iwannaskate:skateboard":2,"camping:sheepbag":2,"minecraft:coal_block":124,"minecraft:sunflower":61},"minecraft:crafted":{"cyclic:glass_connected":64},"minecraft:dropped":{"minecraft:cooked_porkchop":1},"minecraft:used":{"camping:sheepbag":3,"minecraft:netherite_block":1,"minecraft:stone_brick_slab":6,"refurbished_furniture:orange_trampoline":9,"minecraft:black_wool":3,"minecraft:cyan_terracotta":3,"iwannaskate:skateboard":3,"minecraft:grass_block":22,"exposure:lightroom":1,"refurbished_furniture:white_lamp":8,"minecraft:green_wool":2,"gamingchairs2:cartelaperturalila":3,"fabric_simple_neon_lights:greenlight":2,"camping:wanderer_bag":1,"gamingchairs2:gorraamarilla_helmet":1,"duneons:emptycosoplush":1,"cyclic:glass_connected":8,"minecraft:tinted_glass":1,"gamingchairs2:gamerzone":1,"thingamajigs:ped_disabled":1,"duneons:t_marketbooth_big_tent_ot_no_patch":1,"refurbished_furniture:magenta_lamp":1,"refurbished_furniture:light_electricity_generator":3,"animalistic_a:pato_spawn_egg":1,"minecraft:beacon":1,"gamingchairs2:smileylogonegroblanco":3,"refurbished_furniture:magenta_sofa":1,"duneons:soultrophy":1,"minecraft:stone_brick_stairs":9,"minecraft:stone_bricks":1,"duneons:darknesschest":1,"minecraft:spruce_leaves":6,"plushies:warden_plushie":1,"refurbished_furniture:light_lightswitch":3,"refurbished_furniture:lime_stool":2,"thingamajigs:no_peds":1,"torchmaster:feral_flare_lantern":13,"refurbished_furniture:oak_light_ceiling_fan":1,"gamingchairs2:gameboycrash":1,"minecraft:andesite":3,"minecraft:andesite_stairs":1,"duneons:dragontrophy":1,"thingamajigs:ped_flashers":1,"torchmaster:megatorch":1,"minecraft:jungle_trapdoor":1,"minecraft:dragon_head":2,"camping:grill":2,"alexscaves:siren_light":2,"gamingchairs2:kawaiheadsetfresa_helmet":1,"camping:tent_red":2},"minecraft:custom":{"minecraft:time_since_rest":58635,"minecraft:sprint_one_cm":2884,"minecraft:walk_one_cm":49726,"minecraft:drop":1,"exposure:interact_with_lightroom":2,"minecraft:interact_with_beacon":1,"minecraft:fly_one_cm":119091,"minecraft:open_chest":3,"minecraft:crouch_one_cm":5001,"minecraft:play_time":58635,"minecraft:sneak_time":18343,"minecraft:jump":69,"minecraft:leave_game":4,"minecraft:time_since_death":58635,"minecraft:total_world_time":58635}},"DataVersion":3465}