{"stats":{"minecraft:picked_up":{"minecraft:dark_oak_sapling":1,"regions_unexplored:spruce_shrub":1,"minecraft:wheat_seeds":3,"minecraft:allium":2,"minecraft:sunflower":56},"minecraft:crafted":{"cyclic:glass_connected":64},"minecraft:used":{"minecraft:stone_bricks":1,"minecraft:andesite_stairs":1,"minecraft:netherite_block":1,"minecraft:green_wool":2,"cyclic:glass_connected":8,"minecraft:andesite":1,"minecraft:grass_block":11},"minecraft:custom":{"minecraft:jump":29,"minecraft:time_since_rest":22635,"minecraft:crouch_one_cm":3768,"minecraft:leave_game":4,"minecraft:play_time":22635,"minecraft:time_since_death":22635,"minecraft:walk_one_cm":3566,"minecraft:sneak_time":17624,"minecraft:total_world_time":22635,"minecraft:fly_one_cm":35857}},"DataVersion":3465}